album_id,photo_id,image_path
images,457248894,images/photo_457248894.jpg
images,457248880,images/photo_457248880.jpg
images,457248658,images/photo_457248658.jpg
images,457248670,images/photo_457248670.jpg
images,457248664,images/photo_457248664.jpg
images,457248857,images/photo_457248857.jpg
images,457248843,images/photo_457248843.jpg
images,457249036,images/photo_457249036.jpg
images,457249022,images/photo_457249022.jpg
images,457249142,images/photo_457249142.jpg
images,457249156,images/photo_457249156.jpg
images,457248738,images/photo_457248738.jpg
images,457248704,images/photo_457248704.jpg
images,457248710,images/photo_457248710.jpg
images,457248923,images/photo_457248923.jpg
images,457248937,images/photo_457248937.jpg
images,457248936,images/photo_457248936.jpg
images,457248922,images/photo_457248922.jpg
images,457248711,images/photo_457248711.jpg
images,457248705,images/photo_457248705.jpg
images,457248739,images/photo_457248739.jpg
images,457249157,images/photo_457249157.jpg
images,457249143,images/photo_457249143.jpg
images,457249023,images/photo_457249023.jpg
images,457249037,images/photo_457249037.jpg
images,457248842,images/photo_457248842.jpg
images,457248856,images/photo_457248856.jpg
images,457248665,images/photo_457248665.jpg
images,457248671,images/photo_457248671.jpg
images,457248659,images/photo_457248659.jpg
images,457248881,images/photo_457248881.jpg
images,457248895,images/photo_457248895.jpg
images,457248883,images/photo_457248883.jpg
images,457248897,images/photo_457248897.jpg
images,457248667,images/photo_457248667.jpg
images,457248673,images/photo_457248673.jpg
images,457248698,images/photo_457248698.jpg
images,457248840,images/photo_457248840.jpg
images,457248854,images/photo_457248854.jpg
images,457248868,images/photo_457248868.jpg
images,457249021,images/photo_457249021.jpg
images,457249035,images/photo_457249035.jpg
images,457249009,images/photo_457249009.jpg
images,457249155,images/photo_457249155.jpg
images,457249141,images/photo_457249141.jpg
images,457248713,images/photo_457248713.jpg
images,457248707,images/photo_457248707.jpg
images,457248934,images/photo_457248934.jpg
images,457248920,images/photo_457248920.jpg
images,457248908,images/photo_457248908.jpg
images,457248909,images/photo_457248909.jpg
images,457248921,images/photo_457248921.jpg
images,457248935,images/photo_457248935.jpg
images,457248706,images/photo_457248706.jpg
images,457248712,images/photo_457248712.jpg
images,457249140,images/photo_457249140.jpg
images,457249154,images/photo_457249154.jpg
images,457249008,images/photo_457249008.jpg
images,457249034,images/photo_457249034.jpg
images,457249020,images/photo_457249020.jpg
images,457248869,images/photo_457248869.jpg
images,457248855,images/photo_457248855.jpg
images,457248841,images/photo_457248841.jpg
images,457248699,images/photo_457248699.jpg
images,457248672,images/photo_457248672.jpg
images,457248666,images/photo_457248666.jpg
images,457248896,images/photo_457248896.jpg
images,457248882,images/photo_457248882.jpg
images,457248662,images/photo_457248662.jpg
images,457248676,images/photo_457248676.jpg
images,457248886,images/photo_457248886.jpg
images,457248892,images/photo_457248892.jpg
images,457248879,images/photo_457248879.jpg
images,457248845,images/photo_457248845.jpg
images,457248689,images/photo_457248689.jpg
images,457248851,images/photo_457248851.jpg
images,457249018,images/photo_457249018.jpg
images,457249024,images/photo_457249024.jpg
images,457249030,images/photo_457249030.jpg
images,457249150,images/photo_457249150.jpg
images,457249144,images/photo_457249144.jpg
images,457248716,images/photo_457248716.jpg
images,457248702,images/photo_457248702.jpg
images,457248919,images/photo_457248919.jpg
images,457248931,images/photo_457248931.jpg
images,457248925,images/photo_457248925.jpg
images,457248924,images/photo_457248924.jpg
images,457248930,images/photo_457248930.jpg
images,457248918,images/photo_457248918.jpg
images,457248703,images/photo_457248703.jpg
images,457248717,images/photo_457248717.jpg
images,457249145,images/photo_457249145.jpg
images,457249151,images/photo_457249151.jpg
images,457249031,images/photo_457249031.jpg
images,457249025,images/photo_457249025.jpg
images,457249019,images/photo_457249019.jpg
images,457248850,images/photo_457248850.jpg
images,457248688,images/photo_457248688.jpg
images,457248844,images/photo_457248844.jpg
images,457248878,images/photo_457248878.jpg
images,457248893,images/photo_457248893.jpg
images,457248887,images/photo_457248887.jpg
images,457248677,images/photo_457248677.jpg
images,457248663,images/photo_457248663.jpg
images,457248675,images/photo_457248675.jpg
images,457248661,images/photo_457248661.jpg
images,457248891,images/photo_457248891.jpg
images,457248885,images/photo_457248885.jpg
images,457248852,images/photo_457248852.jpg
images,457248846,images/photo_457248846.jpg
images,457249033,images/photo_457249033.jpg
images,457249027,images/photo_457249027.jpg
images,457249147,images/photo_457249147.jpg
images,457249153,images/photo_457249153.jpg
images,457248701,images/photo_457248701.jpg
images,457248715,images/photo_457248715.jpg
images,457248729,images/photo_457248729.jpg
images,457248926,images/photo_457248926.jpg
images,457248932,images/photo_457248932.jpg
images,457248933,images/photo_457248933.jpg
images,457248927,images/photo_457248927.jpg
images,457248728,images/photo_457248728.jpg
images,457248714,images/photo_457248714.jpg
images,457248700,images/photo_457248700.jpg
images,457249152,images/photo_457249152.jpg
images,457249146,images/photo_457249146.jpg
images,457249026,images/photo_457249026.jpg
images,457249032,images/photo_457249032.jpg
images,457248847,images/photo_457248847.jpg
images,457248853,images/photo_457248853.jpg
images,457248884,images/photo_457248884.jpg
images,457248890,images/photo_457248890.jpg
images,457248660,images/photo_457248660.jpg
images,457248674,images/photo_457248674.jpg
images,457248834,images/photo_457248834.jpg
images,457248820,images/photo_457248820.jpg
images,457248808,images/photo_457248808.jpg
images,457249055,images/photo_457249055.jpg
images,457249041,images/photo_457249041.jpg
images,457249069,images/photo_457249069.jpg
images,457249096,images/photo_457249096.jpg
images,457249082,images/photo_457249082.jpg
images,457249121,images/photo_457249121.jpg
images,457249135,images/photo_457249135.jpg
images,457249109,images/photo_457249109.jpg
images,457248983,images/photo_457248983.jpg
images,457248997,images/photo_457248997.jpg
images,457248767,images/photo_457248767.jpg
images,457248773,images/photo_457248773.jpg
images,457248940,images/photo_457248940.jpg
images,457248798,images/photo_457248798.jpg
images,457248954,images/photo_457248954.jpg
images,457248968,images/photo_457248968.jpg
images,457248969,images/photo_457248969.jpg
images,457248955,images/photo_457248955.jpg
images,457248799,images/photo_457248799.jpg
images,457248941,images/photo_457248941.jpg
images,457248772,images/photo_457248772.jpg
images,457248766,images/photo_457248766.jpg
images,457248996,images/photo_457248996.jpg
images,457248982,images/photo_457248982.jpg
images,457249108,images/photo_457249108.jpg
images,457249134,images/photo_457249134.jpg
images,457249120,images/photo_457249120.jpg
images,457249083,images/photo_457249083.jpg
images,457249097,images/photo_457249097.jpg
images,457249068,images/photo_457249068.jpg
images,457249040,images/photo_457249040.jpg
images,457249054,images/photo_457249054.jpg
images,457248809,images/photo_457248809.jpg
images,457248821,images/photo_457248821.jpg
images,457248835,images/photo_457248835.jpg
images,457248823,images/photo_457248823.jpg
images,457248837,images/photo_457248837.jpg
images,457249042,images/photo_457249042.jpg
images,457249056,images/photo_457249056.jpg
images,457249081,images/photo_457249081.jpg
images,457249095,images/photo_457249095.jpg
images,457249136,images/photo_457249136.jpg
images,457249122,images/photo_457249122.jpg
images,457248994,images/photo_457248994.jpg
images,457248758,images/photo_457248758.jpg
images,457248980,images/photo_457248980.jpg
images,457248770,images/photo_457248770.jpg
images,457248764,images/photo_457248764.jpg
images,457248957,images/photo_457248957.jpg
images,457248943,images/photo_457248943.jpg
images,457248942,images/photo_457248942.jpg
images,457248956,images/photo_457248956.jpg
images,457248765,images/photo_457248765.jpg
images,457248771,images/photo_457248771.jpg
images,457248981,images/photo_457248981.jpg
images,457248759,images/photo_457248759.jpg
images,457248995,images/photo_457248995.jpg
images,457249123,images/photo_457249123.jpg
images,457249137,images/photo_457249137.jpg
images,457249094,images/photo_457249094.jpg
images,457249080,images/photo_457249080.jpg
images,457249057,images/photo_457249057.jpg
images,457249043,images/photo_457249043.jpg
images,457248836,images/photo_457248836.jpg
images,457248822,images/photo_457248822.jpg
images,457248826,images/photo_457248826.jpg
images,457248832,images/photo_457248832.jpg
images,457249047,images/photo_457249047.jpg
images,457249053,images/photo_457249053.jpg
images,457249084,images/photo_457249084.jpg
images,457249090,images/photo_457249090.jpg
images,457249133,images/photo_457249133.jpg
images,457249127,images/photo_457249127.jpg
images,457248775,images/photo_457248775.jpg
images,457248761,images/photo_457248761.jpg
images,457248749,images/photo_457248749.jpg
images,457248991,images/photo_457248991.jpg
images,457248985,images/photo_457248985.jpg
images,457248952,images/photo_457248952.jpg
images,457248946,images/photo_457248946.jpg
images,457248947,images/photo_457248947.jpg
images,457248953,images/photo_457248953.jpg
images,457248984,images/photo_457248984.jpg
images,457248990,images/photo_457248990.jpg
images,457248748,images/photo_457248748.jpg
images,457248760,images/photo_457248760.jpg
images,457248774,images/photo_457248774.jpg
images,457249126,images/photo_457249126.jpg
images,457249132,images/photo_457249132.jpg
images,457249091,images/photo_457249091.jpg
images,457249085,images/photo_457249085.jpg
images,457249052,images/photo_457249052.jpg
images,457249046,images/photo_457249046.jpg
images,457248833,images/photo_457248833.jpg
images,457248827,images/photo_457248827.jpg
images,457248819,images/photo_457248819.jpg
images,457248831,images/photo_457248831.jpg
images,457248825,images/photo_457248825.jpg
images,457249078,images/photo_457249078.jpg
images,457249050,images/photo_457249050.jpg
images,457249044,images/photo_457249044.jpg
images,457249093,images/photo_457249093.jpg
images,457249087,images/photo_457249087.jpg
images,457249118,images/photo_457249118.jpg
images,457249124,images/photo_457249124.jpg
images,457249130,images/photo_457249130.jpg
images,457248762,images/photo_457248762.jpg
images,457248776,images/photo_457248776.jpg
images,457248986,images/photo_457248986.jpg
images,457248992,images/photo_457248992.jpg
images,457248979,images/photo_457248979.jpg
images,457248945,images/photo_457248945.jpg
images,457248951,images/photo_457248951.jpg
images,457248789,images/photo_457248789.jpg
images,457248788,images/photo_457248788.jpg
images,457248950,images/photo_457248950.jpg
images,457248944,images/photo_457248944.jpg
images,457248978,images/photo_457248978.jpg
images,457248993,images/photo_457248993.jpg
images,457248987,images/photo_457248987.jpg
images,457248777,images/photo_457248777.jpg
images,457248763,images/photo_457248763.jpg
images,457249131,images/photo_457249131.jpg
images,457249125,images/photo_457249125.jpg
images,457249119,images/photo_457249119.jpg
images,457249086,images/photo_457249086.jpg
images,457249092,images/photo_457249092.jpg
images,457249045,images/photo_457249045.jpg
images,457249051,images/photo_457249051.jpg
images,457249079,images/photo_457249079.jpg
images,457248824,images/photo_457248824.jpg
images,457248830,images/photo_457248830.jpg
images,457248818,images/photo_457248818.jpg
images,457248815,images/photo_457248815.jpg
images,457248801,images/photo_457248801.jpg
images,457248829,images/photo_457248829.jpg
images,457249074,images/photo_457249074.jpg
images,457249060,images/photo_457249060.jpg
images,457249048,images/photo_457249048.jpg
images,457249100,images/photo_457249100.jpg
images,457249114,images/photo_457249114.jpg
images,457249128,images/photo_457249128.jpg
images,457248746,images/photo_457248746.jpg
images,457248752,images/photo_457248752.jpg
images,457248961,images/photo_457248961.jpg
images,457248975,images/photo_457248975.jpg
images,457248785,images/photo_457248785.jpg
images,457248791,images/photo_457248791.jpg
images,457248790,images/photo_457248790.jpg
images,457248948,images/photo_457248948.jpg
images,457248784,images/photo_457248784.jpg
images,457248974,images/photo_457248974.jpg
images,457248960,images/photo_457248960.jpg
images,457248753,images/photo_457248753.jpg
images,457248747,images/photo_457248747.jpg
images,457249129,images/photo_457249129.jpg
images,457249115,images/photo_457249115.jpg
images,457249101,images/photo_457249101.jpg
images,457249049,images/photo_457249049.jpg
images,457249061,images/photo_457249061.jpg
images,457249075,images/photo_457249075.jpg
images,457248828,images/photo_457248828.jpg
images,457248800,images/photo_457248800.jpg
images,457248814,images/photo_457248814.jpg
images,457248802,images/photo_457248802.jpg
images,457248816,images/photo_457248816.jpg
images,457249063,images/photo_457249063.jpg
images,457249077,images/photo_457249077.jpg
images,457249088,images/photo_457249088.jpg
images,457249117,images/photo_457249117.jpg
images,457249103,images/photo_457249103.jpg
images,457248779,images/photo_457248779.jpg
images,457248751,images/photo_457248751.jpg
images,457248989,images/photo_457248989.jpg
images,457248745,images/photo_457248745.jpg
images,457248976,images/photo_457248976.jpg
images,457248962,images/photo_457248962.jpg
images,457248792,images/photo_457248792.jpg
images,457248786,images/photo_457248786.jpg
images,457248787,images/photo_457248787.jpg
images,457248793,images/photo_457248793.jpg
images,457248963,images/photo_457248963.jpg
images,457248977,images/photo_457248977.jpg
images,457248744,images/photo_457248744.jpg
images,457248988,images/photo_457248988.jpg
images,457248750,images/photo_457248750.jpg
images,457248778,images/photo_457248778.jpg
images,457249102,images/photo_457249102.jpg
images,457249116,images/photo_457249116.jpg
images,457249089,images/photo_457249089.jpg
images,457249076,images/photo_457249076.jpg
images,457249062,images/photo_457249062.jpg
images,457248817,images/photo_457248817.jpg
images,457248803,images/photo_457248803.jpg
images,457248807,images/photo_457248807.jpg
images,457248813,images/photo_457248813.jpg
images,457249066,images/photo_457249066.jpg
images,457249072,images/photo_457249072.jpg
images,457249099,images/photo_457249099.jpg
images,457249112,images/photo_457249112.jpg
images,457249106,images/photo_457249106.jpg
images,457248754,images/photo_457248754.jpg
images,457248740,images/photo_457248740.jpg
images,457248998,images/photo_457248998.jpg
images,457248768,images/photo_457248768.jpg
images,457248797,images/photo_457248797.jpg
images,457248783,images/photo_457248783.jpg
images,457248973,images/photo_457248973.jpg
images,457248967,images/photo_457248967.jpg
images,457248966,images/photo_457248966.jpg
images,457248972,images/photo_457248972.jpg
images,457248796,images/photo_457248796.jpg
images,457248769,images/photo_457248769.jpg
images,457248999,images/photo_457248999.jpg
images,457248741,images/photo_457248741.jpg
images,457248755,images/photo_457248755.jpg
images,457249107,images/photo_457249107.jpg
images,457249113,images/photo_457249113.jpg
images,457249098,images/photo_457249098.jpg
images,457249073,images/photo_457249073.jpg
images,457249067,images/photo_457249067.jpg
images,457248812,images/photo_457248812.jpg
images,457248806,images/photo_457248806.jpg
images,457248838,images/photo_457248838.jpg
images,457248810,images/photo_457248810.jpg
images,457248804,images/photo_457248804.jpg
images,457249059,images/photo_457249059.jpg
images,457249071,images/photo_457249071.jpg
images,457249065,images/photo_457249065.jpg
images,457249139,images/photo_457249139.jpg
images,457249105,images/photo_457249105.jpg
images,457249111,images/photo_457249111.jpg
images,457248743,images/photo_457248743.jpg
images,457248757,images/photo_457248757.jpg
images,457248958,images/photo_457248958.jpg
images,457248780,images/photo_457248780.jpg
images,457248794,images/photo_457248794.jpg
images,457248964,images/photo_457248964.jpg
images,457248970,images/photo_457248970.jpg
images,457248971,images/photo_457248971.jpg
images,457248965,images/photo_457248965.jpg
images,457248795,images/photo_457248795.jpg
images,457248781,images/photo_457248781.jpg
images,457248959,images/photo_457248959.jpg
images,457248756,images/photo_457248756.jpg
images,457248742,images/photo_457248742.jpg
images,457249110,images/photo_457249110.jpg
images,457249104,images/photo_457249104.jpg
images,457249138,images/photo_457249138.jpg
images,457249064,images/photo_457249064.jpg
images,457249070,images/photo_457249070.jpg
images,457249058,images/photo_457249058.jpg
images,457248805,images/photo_457248805.jpg
images,457248811,images/photo_457248811.jpg
images,457248839,images/photo_457248839.jpg
images,457248679,images/photo_457248679.jpg
images,457248889,images/photo_457248889.jpg
images,457248876,images/photo_457248876.jpg
images,457248862,images/photo_457248862.jpg
images,457248692,images/photo_457248692.jpg
images,457248686,images/photo_457248686.jpg
images,457249017,images/photo_457249017.jpg
images,457249003,images/photo_457249003.jpg
images,457249163,images/photo_457249163.jpg
images,457248719,images/photo_457248719.jpg
images,457248725,images/photo_457248725.jpg
images,457248731,images/photo_457248731.jpg
images,457248902,images/photo_457248902.jpg
images,457248916,images/photo_457248916.jpg
images,457248917,images/photo_457248917.jpg
images,457248903,images/photo_457248903.jpg
images,457248730,images/photo_457248730.jpg
images,457248724,images/photo_457248724.jpg
images,457248718,images/photo_457248718.jpg
images,457249162,images/photo_457249162.jpg
images,457249002,images/photo_457249002.jpg
images,457249016,images/photo_457249016.jpg
images,457248687,images/photo_457248687.jpg
images,457248693,images/photo_457248693.jpg
images,457248863,images/photo_457248863.jpg
images,457248877,images/photo_457248877.jpg
images,457248888,images/photo_457248888.jpg
images,457248678,images/photo_457248678.jpg
images,457248861,images/photo_457248861.jpg
images,457248875,images/photo_457248875.jpg
images,457248685,images/photo_457248685.jpg
images,457248691,images/photo_457248691.jpg
images,457248849,images/photo_457248849.jpg
images,457249000,images/photo_457249000.jpg
images,457249014,images/photo_457249014.jpg
images,457249028,images/photo_457249028.jpg
images,457249160,images/photo_457249160.jpg
images,457249148,images/photo_457249148.jpg
images,457248732,images/photo_457248732.jpg
images,457248726,images/photo_457248726.jpg
images,457248915,images/photo_457248915.jpg
images,457248901,images/photo_457248901.jpg
images,457248929,images/photo_457248929.jpg
images,457248928,images/photo_457248928.jpg
images,457248900,images/photo_457248900.jpg
images,457248914,images/photo_457248914.jpg
images,457248727,images/photo_457248727.jpg
images,457248733,images/photo_457248733.jpg
images,457249149,images/photo_457249149.jpg
images,457249029,images/photo_457249029.jpg
images,457249015,images/photo_457249015.jpg
images,457249001,images/photo_457249001.jpg
images,457248848,images/photo_457248848.jpg
images,457248690,images/photo_457248690.jpg
images,457248684,images/photo_457248684.jpg
images,457248874,images/photo_457248874.jpg
images,457248860,images/photo_457248860.jpg
images,457248653,images/photo_457248653.jpg
images,457248657,images/photo_457248657.jpg
images,457248680,images/photo_457248680.jpg
images,457248858,images/photo_457248858.jpg
images,457248694,images/photo_457248694.jpg
images,457248864,images/photo_457248864.jpg
images,457248870,images/photo_457248870.jpg
images,457249039,images/photo_457249039.jpg
images,457249005,images/photo_457249005.jpg
images,457249011,images/photo_457249011.jpg
images,457249159,images/photo_457249159.jpg
images,457249165,images/photo_457249165.jpg
images,457248737,images/photo_457248737.jpg
images,457248723,images/photo_457248723.jpg
images,457248938,images/photo_457248938.jpg
images,457248910,images/photo_457248910.jpg
images,457248904,images/photo_457248904.jpg
images,457248905,images/photo_457248905.jpg
images,457248911,images/photo_457248911.jpg
images,457248939,images/photo_457248939.jpg
images,457248722,images/photo_457248722.jpg
images,457248736,images/photo_457248736.jpg
images,457249164,images/photo_457249164.jpg
images,457249158,images/photo_457249158.jpg
images,457249010,images/photo_457249010.jpg
images,457249004,images/photo_457249004.jpg
images,457249038,images/photo_457249038.jpg
images,457248871,images/photo_457248871.jpg
images,457248865,images/photo_457248865.jpg
images,457248695,images/photo_457248695.jpg
images,457248859,images/photo_457248859.jpg
images,457248681,images/photo_457248681.jpg
images,457248656,images/photo_457248656.jpg
images,457248654,images/photo_457248654.jpg
images,457248668,images/photo_457248668.jpg
images,457248697,images/photo_457248697.jpg
images,457248683,images/photo_457248683.jpg
images,457248873,images/photo_457248873.jpg
images,457248867,images/photo_457248867.jpg
images,457249012,images/photo_457249012.jpg
images,457249006,images/photo_457249006.jpg
images,457248720,images/photo_457248720.jpg
images,457248734,images/photo_457248734.jpg
images,457248708,images/photo_457248708.jpg
images,457248907,images/photo_457248907.jpg
images,457248913,images/photo_457248913.jpg
images,457248912,images/photo_457248912.jpg
images,457248906,images/photo_457248906.jpg
images,457248709,images/photo_457248709.jpg
images,457248735,images/photo_457248735.jpg
images,457248721,images/photo_457248721.jpg
images,457249007,images/photo_457249007.jpg
images,457249013,images/photo_457249013.jpg
images,457248866,images/photo_457248866.jpg
images,457248872,images/photo_457248872.jpg
images,457248682,images/photo_457248682.jpg
images,457248696,images/photo_457248696.jpg
images,457248669,images/photo_457248669.jpg
images,457248899,images/photo_457248899.jpg
images,457248655,images/photo_457248655.jpg
